,precision,recall,f1-score,support
0,1.0,1.0,1.0,37.0
1,1.0,1.0,1.0,207.0
2,1.0,1.0,1.0,136.0
3,1.0,1.0,1.0,47.0
4,1.0,1.0,1.0,180.0
5,1.0,1.0,1.0,37.0
6,1.0,1.0,1.0,42.0
7,1.0,1.0,1.0,51.0
8,1.0,1.0,1.0,68.0
9,1.0,1.0,1.0,35.0
10,1.0,1.0,1.0,24.0
11,1.0,1.0,1.0,136.0
12,1.0,1.0,1.0,37.0
13,1.0,1.0,1.0,159.0
14,1.0,1.0,1.0,30.0
15,1.0,1.0,1.0,51.0
16,1.0,1.0,1.0,34.0
17,1.0,1.0,1.0,231.0
18,1.0,1.0,1.0,4.0
19,1.0,1.0,1.0,95.0
20,1.0,1.0,1.0,34.0
21,1.0,1.0,1.0,563.0
22,1.0,1.0,1.0,466.0
23,1.0,1.0,1.0,40.0
24,0.8273381294964028,0.8214285714285714,0.8243727598566308,140.0
25,1.0,1.0,1.0,9.0
26,1.0,1.0,1.0,77.0
27,1.0,1.0,1.0,28.0
28,1.0,1.0,1.0,92.0
29,1.0,1.0,1.0,40.0
30,1.0,1.0,1.0,135.0
31,1.0,1.0,1.0,25.0
32,1.0,1.0,1.0,117.0
33,1.0,1.0,1.0,569.0
34,1.0,1.0,1.0,42.0
35,1.0,1.0,1.0,62.0
36,1.0,1.0,1.0,41.0
37,1.0,1.0,1.0,114.0
38,1.0,1.0,1.0,37.0
39,1.0,1.0,1.0,39.0
40,1.0,1.0,1.0,84.0
41,1.0,1.0,1.0,51.0
42,1.0,1.0,1.0,38.0
43,1.0,1.0,1.0,68.0
44,1.0,1.0,1.0,39.0
45,1.0,1.0,1.0,34.0
46,1.0,1.0,1.0,197.0
47,1.0,1.0,1.0,41.0
48,1.0,1.0,1.0,551.0
49,1.0,1.0,1.0,473.0
50,1.0,1.0,1.0,57.0
51,1.0,1.0,1.0,32.0
52,1.0,1.0,1.0,9.0
53,1.0,1.0,1.0,14.0
54,1.0,1.0,1.0,173.0
55,1.0,1.0,1.0,76.0
56,1.0,1.0,1.0,37.0
57,1.0,1.0,1.0,175.0
58,1.0,1.0,1.0,26.0
59,1.0,1.0,1.0,24.0
60,1.0,1.0,1.0,85.0
61,1.0,1.0,1.0,428.0
62,1.0,1.0,1.0,36.0
63,1.0,1.0,1.0,115.0
64,1.0,1.0,1.0,40.0
65,1.0,1.0,1.0,265.0
66,1.0,1.0,1.0,909.0
67,1.0,1.0,1.0,78.0
68,1.0,1.0,1.0,38.0
69,1.0,1.0,1.0,114.0
70,1.0,1.0,1.0,41.0
71,1.0,1.0,1.0,101.0
72,1.0,1.0,1.0,39.0
73,1.0,1.0,1.0,56.0
74,1.0,1.0,1.0,116.0
75,1.0,1.0,1.0,64.0
76,1.0,1.0,1.0,41.0
77,1.0,1.0,1.0,483.0
78,1.0,1.0,1.0,26.0
79,1.0,1.0,1.0,69.0
80,1.0,1.0,1.0,39.0
81,1.0,1.0,1.0,125.0
82,1.0,1.0,1.0,15.0
83,1.0,1.0,1.0,78.0
84,1.0,1.0,1.0,29.0
85,1.0,1.0,1.0,145.0
86,1.0,1.0,1.0,28.0
87,1.0,1.0,1.0,59.0
88,1.0,1.0,1.0,231.0
89,1.0,1.0,1.0,37.0
90,1.0,1.0,1.0,38.0
91,1.0,1.0,1.0,238.0
92,1.0,1.0,1.0,128.0
93,1.0,1.0,1.0,73.0
94,1.0,1.0,1.0,125.0
95,1.0,1.0,1.0,66.0
96,1.0,1.0,1.0,63.0
97,1.0,1.0,1.0,38.0
98,1.0,1.0,1.0,74.0
99,1.0,1.0,1.0,39.0
100,1.0,1.0,1.0,132.0
101,1.0,1.0,1.0,196.0
102,1.0,1.0,1.0,53.0
103,1.0,1.0,1.0,21.0
104,1.0,1.0,1.0,85.0
105,1.0,1.0,1.0,37.0
106,1.0,1.0,1.0,206.0
107,1.0,1.0,1.0,46.0
108,1.0,1.0,1.0,37.0
109,1.0,1.0,1.0,267.0
110,1.0,1.0,1.0,93.0
111,1.0,1.0,1.0,47.0
112,1.0,1.0,1.0,29.0
113,1.0,1.0,1.0,58.0
114,1.0,1.0,1.0,41.0
115,1.0,1.0,1.0,36.0
116,1.0,1.0,1.0,14.0
117,1.0,1.0,1.0,190.0
118,1.0,1.0,1.0,21.0
119,1.0,1.0,1.0,133.0
120,1.0,1.0,1.0,286.0
121,1.0,1.0,1.0,162.0
122,1.0,1.0,1.0,22.0
123,1.0,1.0,1.0,134.0
124,1.0,1.0,1.0,35.0
125,1.0,1.0,1.0,39.0
126,1.0,1.0,1.0,49.0
127,1.0,1.0,1.0,39.0
128,1.0,1.0,1.0,190.0
129,1.0,1.0,1.0,79.0
130,1.0,1.0,1.0,11.0
131,1.0,1.0,1.0,37.0
132,1.0,1.0,1.0,12.0
133,1.0,1.0,1.0,6.0
134,1.0,1.0,1.0,107.0
135,1.0,1.0,1.0,57.0
136,1.0,1.0,1.0,46.0
137,1.0,1.0,1.0,36.0
138,1.0,1.0,1.0,74.0
139,1.0,1.0,1.0,36.0
140,1.0,1.0,1.0,195.0
141,1.0,1.0,1.0,188.0
142,1.0,1.0,1.0,16.0
143,1.0,1.0,1.0,17.0
144,1.0,1.0,1.0,285.0
145,1.0,1.0,1.0,15.0
146,1.0,1.0,1.0,181.0
147,1.0,1.0,1.0,30.0
148,1.0,1.0,1.0,111.0
149,1.0,1.0,1.0,37.0
150,1.0,1.0,1.0,45.0
151,1.0,1.0,1.0,38.0
152,1.0,1.0,1.0,76.0
153,1.0,1.0,1.0,99.0
154,1.0,1.0,1.0,115.0
155,1.0,1.0,1.0,67.0
156,1.0,1.0,1.0,23.0
157,1.0,1.0,1.0,118.0
158,1.0,1.0,1.0,45.0
159,1.0,0.9545454545454546,0.9767441860465116,22.0
160,1.0,1.0,1.0,40.0
161,1.0,1.0,1.0,29.0
162,1.0,1.0,1.0,294.0
163,1.0,1.0,1.0,79.0
164,1.0,1.0,1.0,734.0
165,1.0,1.0,1.0,298.0
166,1.0,1.0,1.0,17.0
167,1.0,1.0,1.0,37.0
168,1.0,1.0,1.0,21.0
169,1.0,1.0,1.0,48.0
170,1.0,1.0,1.0,96.0
171,1.0,1.0,1.0,26.0
172,1.0,1.0,1.0,215.0
173,1.0,1.0,1.0,116.0
174,1.0,1.0,1.0,345.0
175,1.0,1.0,1.0,186.0
176,1.0,1.0,1.0,183.0
177,1.0,1.0,1.0,73.0
178,1.0,1.0,1.0,464.0
179,1.0,1.0,1.0,216.0
180,1.0,1.0,1.0,69.0
181,1.0,1.0,1.0,136.0
182,1.0,1.0,1.0,81.0
183,1.0,1.0,1.0,315.0
184,1.0,1.0,1.0,153.0
185,1.0,1.0,1.0,130.0
186,1.0,1.0,1.0,81.0
187,1.0,1.0,1.0,151.0
188,1.0,1.0,1.0,37.0
189,1.0,1.0,1.0,163.0
190,1.0,1.0,1.0,47.0
191,1.0,1.0,1.0,65.0
192,1.0,1.0,1.0,99.0
193,1.0,1.0,1.0,66.0
194,1.0,1.0,1.0,59.0
195,1.0,1.0,1.0,170.0
196,1.0,1.0,1.0,86.0
197,1.0,1.0,1.0,32.0
198,1.0,1.0,1.0,42.0
199,1.0,1.0,1.0,416.0
200,1.0,1.0,1.0,302.0
201,1.0,1.0,1.0,253.0
202,1.0,1.0,1.0,68.0
203,1.0,1.0,1.0,235.0
204,1.0,1.0,1.0,18.0
205,1.0,1.0,1.0,49.0
206,1.0,1.0,1.0,136.0
207,1.0,1.0,1.0,38.0
208,1.0,1.0,1.0,77.0
209,1.0,1.0,1.0,45.0
210,1.0,1.0,1.0,30.0
211,1.0,1.0,1.0,166.0
212,1.0,1.0,1.0,14.0
213,1.0,1.0,1.0,149.0
214,1.0,1.0,1.0,31.0
215,1.0,1.0,1.0,150.0
216,1.0,1.0,1.0,219.0
217,1.0,1.0,1.0,118.0
218,1.0,1.0,1.0,127.0
219,1.0,1.0,1.0,33.0
220,1.0,1.0,1.0,43.0
221,1.0,1.0,1.0,104.0
222,1.0,1.0,1.0,32.0
223,1.0,1.0,1.0,163.0
224,1.0,1.0,1.0,101.0
225,1.0,1.0,1.0,48.0
226,1.0,1.0,1.0,84.0
227,1.0,1.0,1.0,39.0
228,1.0,1.0,1.0,21.0
229,1.0,1.0,1.0,76.0
230,1.0,1.0,1.0,103.0
231,1.0,1.0,1.0,34.0
232,1.0,1.0,1.0,183.0
233,1.0,1.0,1.0,38.0
234,1.0,1.0,1.0,92.0
235,1.0,1.0,1.0,115.0
236,1.0,1.0,1.0,36.0
237,1.0,1.0,1.0,2032.0
238,1.0,1.0,1.0,551.0
239,1.0,1.0,1.0,1256.0
240,1.0,1.0,1.0,123.0
241,1.0,1.0,1.0,38.0
242,1.0,1.0,1.0,60.0
243,1.0,1.0,1.0,228.0
244,1.0,1.0,1.0,41.0
245,1.0,1.0,1.0,38.0
246,1.0,1.0,1.0,61.0
247,1.0,1.0,1.0,32.0
248,1.0,1.0,1.0,150.0
249,1.0,1.0,1.0,43.0
250,1.0,1.0,1.0,124.0
251,1.0,1.0,1.0,66.0
252,1.0,1.0,1.0,36.0
253,1.0,1.0,1.0,83.0
254,1.0,1.0,1.0,21.0
255,1.0,1.0,1.0,151.0
256,1.0,1.0,1.0,49.0
257,1.0,1.0,1.0,44.0
258,1.0,1.0,1.0,307.0
259,1.0,1.0,1.0,58.0
260,1.0,1.0,1.0,85.0
261,1.0,1.0,1.0,33.0
262,1.0,1.0,1.0,69.0
263,1.0,1.0,1.0,68.0
264,1.0,1.0,1.0,33.0
265,1.0,1.0,1.0,52.0
266,1.0,1.0,1.0,19.0
267,1.0,1.0,1.0,88.0
268,1.0,1.0,1.0,17.0
269,1.0,1.0,1.0,17.0
270,1.0,1.0,1.0,297.0
271,1.0,1.0,1.0,69.0
272,1.0,1.0,1.0,180.0
273,1.0,1.0,1.0,182.0
274,1.0,1.0,1.0,70.0
275,1.0,1.0,1.0,65.0
276,1.0,1.0,1.0,33.0
277,1.0,1.0,1.0,10.0
278,1.0,1.0,1.0,22.0
279,1.0,1.0,1.0,84.0
280,1.0,1.0,1.0,89.0
281,1.0,1.0,1.0,106.0
282,1.0,1.0,1.0,23.0
283,1.0,1.0,1.0,39.0
284,1.0,1.0,1.0,255.0
285,1.0,1.0,1.0,58.0
286,1.0,1.0,1.0,32.0
287,1.0,1.0,1.0,75.0
288,1.0,1.0,1.0,30.0
289,1.0,1.0,1.0,13.0
290,1.0,1.0,1.0,23.0
291,1.0,1.0,1.0,26.0
292,1.0,1.0,1.0,111.0
293,1.0,1.0,1.0,22.0
294,1.0,1.0,1.0,7.0
295,1.0,1.0,1.0,177.0
296,1.0,1.0,1.0,39.0
297,1.0,1.0,1.0,148.0
298,1.0,1.0,1.0,38.0
299,1.0,1.0,1.0,51.0
300,1.0,1.0,1.0,12.0
301,0.9905660377358491,1.0,0.995260663507109,315.0
302,1.0,1.0,1.0,36.0
303,1.0,0.9230769230769231,0.96,39.0
304,1.0,1.0,1.0,102.0
305,1.0,1.0,1.0,17.0
306,1.0,1.0,1.0,111.0
307,1.0,1.0,1.0,91.0
308,1.0,1.0,1.0,41.0
309,1.0,1.0,1.0,38.0
310,1.0,1.0,1.0,71.0
311,1.0,1.0,1.0,26.0
312,1.0,1.0,1.0,17.0
313,1.0,1.0,1.0,108.0
314,1.0,1.0,1.0,39.0
315,1.0,1.0,1.0,87.0
316,1.0,1.0,1.0,30.0
317,1.0,1.0,1.0,528.0
318,1.0,1.0,1.0,154.0
319,1.0,1.0,1.0,89.0
320,1.0,1.0,1.0,38.0
321,1.0,1.0,1.0,48.0
322,1.0,1.0,1.0,111.0
323,1.0,1.0,1.0,41.0
324,1.0,1.0,1.0,15.0
325,1.0,1.0,1.0,130.0
326,1.0,1.0,1.0,343.0
327,1.0,1.0,1.0,168.0
328,1.0,1.0,1.0,70.0
329,1.0,1.0,1.0,201.0
330,1.0,1.0,1.0,101.0
331,1.0,1.0,1.0,42.0
332,1.0,1.0,1.0,852.0
333,1.0,1.0,1.0,386.0
334,1.0,1.0,1.0,183.0
335,1.0,1.0,1.0,41.0
336,1.0,1.0,1.0,159.0
337,1.0,1.0,1.0,25.0
338,1.0,1.0,1.0,237.0
339,1.0,1.0,1.0,44.0
340,1.0,1.0,1.0,354.0
341,1.0,1.0,1.0,38.0
342,0.9924242424242424,1.0,0.9961977186311787,131.0
343,1.0,1.0,1.0,46.0
344,1.0,1.0,1.0,248.0
345,1.0,1.0,1.0,105.0
346,1.0,1.0,1.0,127.0
347,1.0,1.0,1.0,40.0
348,1.0,1.0,1.0,356.0
349,1.0,1.0,1.0,128.0
350,1.0,1.0,1.0,88.0
351,1.0,1.0,1.0,42.0
352,1.0,1.0,1.0,130.0
353,1.0,1.0,1.0,35.0
354,1.0,1.0,1.0,15.0
355,1.0,1.0,1.0,18.0
356,1.0,1.0,1.0,65.0
357,1.0,1.0,1.0,14.0
358,1.0,1.0,1.0,38.0
359,1.0,1.0,1.0,72.0
360,1.0,1.0,1.0,40.0
361,1.0,1.0,1.0,418.0
362,1.0,1.0,1.0,35.0
363,1.0,1.0,1.0,1334.0
364,1.0,1.0,1.0,411.0
365,1.0,1.0,1.0,164.0
366,1.0,1.0,1.0,319.0
367,1.0,1.0,1.0,41.0
368,1.0,1.0,1.0,291.0
369,1.0,1.0,1.0,39.0
370,1.0,1.0,1.0,139.0
371,1.0,1.0,1.0,39.0
372,1.0,1.0,1.0,71.0
373,1.0,1.0,1.0,39.0
374,1.0,1.0,1.0,195.0
375,1.0,1.0,1.0,42.0
376,1.0,1.0,1.0,145.0
377,1.0,1.0,1.0,20.0
378,1.0,1.0,1.0,31.0
379,1.0,1.0,1.0,71.0
380,1.0,1.0,1.0,252.0
381,1.0,1.0,1.0,475.0
382,1.0,1.0,1.0,104.0
383,1.0,1.0,1.0,16.0
384,1.0,1.0,1.0,115.0
385,1.0,1.0,1.0,39.0
386,1.0,1.0,1.0,293.0
387,1.0,1.0,1.0,91.0
388,1.0,1.0,1.0,64.0
389,1.0,1.0,1.0,293.0
390,1.0,0.9791666666666666,0.9894736842105263,48.0
391,1.0,1.0,1.0,366.0
392,1.0,1.0,1.0,150.0
393,1.0,1.0,1.0,196.0
394,1.0,1.0,1.0,310.0
395,1.0,1.0,1.0,32.0
396,1.0,1.0,1.0,41.0
397,1.0,1.0,1.0,46.0
398,1.0,1.0,1.0,37.0
399,1.0,1.0,1.0,81.0
400,1.0,1.0,1.0,34.0
401,1.0,1.0,1.0,651.0
402,1.0,1.0,1.0,20.0
403,1.0,1.0,1.0,29.0
404,1.0,1.0,1.0,304.0
405,1.0,1.0,1.0,859.0
406,1.0,1.0,1.0,37.0
407,1.0,1.0,1.0,279.0
408,1.0,1.0,1.0,110.0
409,1.0,1.0,1.0,170.0
410,1.0,1.0,1.0,47.0
411,1.0,1.0,1.0,448.0
412,1.0,1.0,1.0,16.0
413,1.0,1.0,1.0,179.0
414,1.0,1.0,1.0,75.0
415,1.0,1.0,1.0,93.0
416,1.0,1.0,1.0,91.0
417,1.0,1.0,1.0,37.0
418,1.0,1.0,1.0,112.0
419,1.0,1.0,1.0,122.0
420,1.0,1.0,1.0,142.0
421,1.0,1.0,1.0,45.0
422,1.0,1.0,1.0,92.0
423,1.0,1.0,1.0,9.0
424,1.0,1.0,1.0,15.0
425,1.0,1.0,1.0,224.0
426,1.0,1.0,1.0,250.0
427,1.0,1.0,1.0,151.0
428,1.0,1.0,1.0,24.0
429,1.0,1.0,1.0,143.0
430,1.0,1.0,1.0,45.0
431,1.0,1.0,1.0,77.0
432,1.0,1.0,1.0,14.0
433,1.0,1.0,1.0,135.0
434,1.0,1.0,1.0,40.0
435,1.0,1.0,1.0,162.0
436,1.0,1.0,1.0,15.0
437,1.0,1.0,1.0,18.0
438,1.0,1.0,1.0,9.0
439,1.0,1.0,1.0,331.0
440,1.0,1.0,1.0,43.0
441,1.0,1.0,1.0,18.0
442,1.0,1.0,1.0,35.0
443,1.0,1.0,1.0,211.0
444,1.0,1.0,1.0,400.0
445,1.0,1.0,1.0,88.0
446,1.0,1.0,1.0,48.0
448,1.0,1.0,1.0,26.0
449,0.5370370370370371,0.5471698113207547,0.5420560747663551,53.0
450,1.0,1.0,1.0,89.0
451,1.0,1.0,1.0,40.0
452,1.0,1.0,1.0,87.0
453,1.0,1.0,1.0,449.0
454,1.0,1.0,1.0,134.0
455,1.0,1.0,1.0,228.0
456,0.9523809523809523,1.0,0.975609756097561,20.0
457,1.0,1.0,1.0,63.0
458,1.0,1.0,1.0,5.0
459,1.0,1.0,1.0,38.0
460,1.0,1.0,1.0,33.0
461,1.0,1.0,1.0,57.0
462,1.0,1.0,1.0,26.0
463,1.0,1.0,1.0,112.0
464,1.0,1.0,1.0,175.0
465,1.0,1.0,1.0,302.0
466,1.0,1.0,1.0,16.0
467,1.0,1.0,1.0,51.0
468,1.0,1.0,1.0,140.0
469,1.0,1.0,1.0,125.0
470,1.0,1.0,1.0,123.0
471,1.0,1.0,1.0,94.0
472,1.0,0.9090909090909091,0.9523809523809523,11.0
473,1.0,1.0,1.0,91.0
474,0.9883720930232558,1.0,0.9941520467836257,85.0
475,1.0,1.0,1.0,248.0
476,1.0,1.0,1.0,41.0
477,1.0,1.0,1.0,46.0
478,1.0,1.0,1.0,110.0
479,1.0,1.0,1.0,74.0
480,1.0,1.0,1.0,72.0
481,1.0,1.0,1.0,60.0
482,1.0,1.0,1.0,16.0
483,1.0,1.0,1.0,85.0
484,1.0,1.0,1.0,113.0
485,1.0,1.0,1.0,155.0
486,1.0,1.0,1.0,14.0
487,1.0,1.0,1.0,13.0
488,1.0,1.0,1.0,252.0
489,1.0,1.0,1.0,38.0
490,1.0,1.0,1.0,20.0
491,1.0,1.0,1.0,8.0
492,1.0,1.0,1.0,3.0
493,1.0,1.0,1.0,10.0
accuracy,0.99906673680281,0.99906673680281,0.99906673680281,0.99906673680281
macro avg,0.9985560212821455,0.9982443779637511,0.9983899550553357,58933.0
weighted avg,0.9990732768685019,0.99906673680281,0.9990678327422301,58933.0
